threads,ideal_time,measured_time,ideal_speedup,measured_speedup
1,10.0,10.101470155740007,1.0,0.9899549120894697
2,5.5,5.602721554661893,1.8181818181818181,1.7848468645883775
4,3.25,3.4046148485301817,3.076923076923077,2.9371897982284647
8,2.125,2.301121738786605,4.705882352941177,4.345706631441872
16,1.5624999999999998,1.7230771737300383,6.400000000000001,5.803570584335732
32,1.2812499999999998,1.390075024470449,7.804878048780489,7.193856319956194
